repo	file	line	rule	question_type	verified_answer	source_doc	source_heading	chunk
hhra-org	app/api/admin/users/[userId]/organizations/route.ts	133	missing-org-filter	does this query carry a predicate on a tenant column	predicate-present (FP: dotted-value org eq)	spec69-r5-hhra-redisposition.md	"The three false positives (now quiet) §1"	"existingRelation guard: eq(userOrganizations.organizationId, validatedData.organizationId) — always org-scoped; pre-Fix-1 lookahead misread dotted value as a JOIN"
hhra-org	lib/middleware/organizationFilter.ts	124	missing-org-filter	does this query carry a predicate on a tenant column	predicate-present (FP: unconditional builder)	spec69-r5-hhra-redisposition.md	"The three false positives (now quiet) §2"	"getAccessibleSampleIds: conditions=[inArray(sampleOwnership.organizationId, orgIds)] then .where(and(...conditions)) — org predicate in initializer"
hhra-org	src/lib/queries/certifier-data.ts	240	missing-org-filter	does this query carry a predicate on a tenant column	predicate-present (FP: unconditional builder)	spec69-r5-hhra-redisposition.md	"The three false positives (now quiet) §3"	"getCertifierTestResults: conditions=[eq(certifierResidueTests.organizationId, params.organizationId)] — dotted value + ...conditions spread"
hhra-org	lib/utils/organizationFilters.ts	142	missing-org-filter	does this query carry a predicate on a tenant column	conditional-predicate (genuine)	spec69-r5-hhra-redisposition.md	"The five conditional (variable-split) cases"	"isOrganizationAdmin: if (organizationId) conditions.push(eq(userOrganizations.organizationId, organizationId))"
hhra-org	src/lib/queries/certifier-data.ts	152	missing-org-filter	does this query carry a predicate on a tenant column	conditional-predicate (genuine)	spec69-r5-hhra-redisposition.md	"The five conditional (variable-split) cases"	"getUploadStatus: if (organizationIds && organizationIds.length > 0) conditions.push(inArray(rawCertifierData.organizationId, organizationIds))"
hhra-org	app/private/admin/data/page.tsx	70	missing-org-filter	does this query carry a predicate on a tenant column	conditional-predicate (genuine)	spec69-r5-hhra-redisposition.md	"The five conditional (variable-split) cases"	"admin data page: if (organizationId && organizationId !== 'all') conditions.push(eq(rawCertifierData.organizationId, organizationId))"
hhra-org	app/api/admin/sample-ownership/route.ts	29	missing-org-filter	does this query carry a predicate on a tenant column	conditional-predicate (genuine)	spec69-r5-hhra-redisposition.md	"The five conditional (variable-split) cases"	"sample-ownership stats: ternary organizationId ? statsQuery.where(eq(sampleOwnership.organizationId, organizationId)) : statsQuery.limit(...)"
hhra-org	app/private/admin/data/page.tsx	49	missing-org-filter	does this query carry a predicate on a tenant column	conditional-predicate (genuine)	spec69-r5-hhra-redisposition.md	"The five conditional (variable-split) cases"	"admin data base: query = conditions.length > 0 ? baseQuery.where(and(...conditions)) : baseQuery (reassignment)"
hhra-org	app/api/admin/jobs/[jobId]/route.ts	19	missing-org-filter	does this query carry a predicate on a tenant column	no-predicate (IDOR: job-id read)	spec69-r5-hhra-redisposition.md	"IDOR surfaces (23)"	"GET job-id read, no org predicate"
hhra-org	app/api/admin/jobs/[jobId]/route.ts	64	missing-org-filter	does this query carry a predicate on a tenant column	no-predicate (IDOR: job-id update)	spec69-r5-hhra-redisposition.md	"IDOR surfaces (23)"	"POST job-id update, no org predicate"
hhra-org	app/api/admin/users/[userId]/organizations/[relationshipId]/route.ts	29	missing-org-filter	does this query carry a predicate on a tenant column	no-predicate (IDOR: relationship-id)	spec69-r5-hhra-redisposition.md	"IDOR surfaces (23)"	"PUT relationship-id, no org predicate"
hhra-org	app/api/admin/users/[userId]/organizations/[relationshipId]/route.ts	125	missing-org-filter	does this query carry a predicate on a tenant column	no-predicate (IDOR: relationship-id)	spec69-r5-hhra-redisposition.md	"IDOR surfaces (23)"	"DELETE relationship-id, no org predicate"
hhra-org	app/api/admin/users/[userId]/route.ts	43	missing-org-filter	does this query carry a predicate on a tenant column	no-predicate (IDOR: user-id)	spec69-r5-hhra-redisposition.md	"IDOR surfaces (23)"	"GET user-id, no org predicate"
hhra-org	app/private/admin/queue/[jobId]/page.tsx	17	missing-org-filter	does this query carry a predicate on a tenant column	no-predicate (IDOR: job-id)	spec69-r5-hhra-redisposition.md	"IDOR surfaces (23)"	"getJobDetails job-id, no org predicate"
hhra-org	database/services/repositories/JobRepository.ts	13	missing-org-filter	does this query carry a predicate on a tenant column	no-predicate (IDOR: id)	spec69-r5-hhra-redisposition.md	"IDOR surfaces (23)"	"findById id, no org predicate"
hhra-org	database/services/repositories/UploadRepository.ts	13	missing-org-filter	does this query carry a predicate on a tenant column	no-predicate (IDOR: id)	spec69-r5-hhra-redisposition.md	"IDOR surfaces (23)"	"findById id, no org predicate"
hhra-org	database/services/repositories/UploadRepository.ts	23	missing-org-filter	does this query carry a predicate on a tenant column	no-predicate (IDOR: user-id)	spec69-r5-hhra-redisposition.md	"IDOR surfaces (23)"	"findByUserId user-id, no org predicate"
hhra-org	src/lib/queries/certifier-data.ts	15	missing-org-filter	does this query carry a predicate on a tenant column	no-predicate (IDOR: user-id)	spec69-r5-hhra-redisposition.md	"IDOR surfaces (23)"	"getUserOrganization user-id, no org predicate"
hhra-org	src/lib/queries/certifier-data.ts	99	missing-org-filter	does this query carry a predicate on a tenant column	no-predicate (IDOR: upload-id)	spec69-r5-hhra-redisposition.md	"IDOR surfaces (23)"	"getCertifierUpload upload-id, no org predicate"
hhra-org	src/lib/queries/certifier-data.ts	112	missing-org-filter	does this query carry a predicate on a tenant column	no-predicate (IDOR: upload-id)	spec69-r5-hhra-redisposition.md	"IDOR surfaces (23)"	"getUploadJobStatus upload-id, no org predicate"
hhra-org	src/lib/services/certifier-upload-processor.ts	50	missing-org-filter	does this query carry a predicate on a tenant column	no-predicate (IDOR: job-id)	spec69-r5-hhra-redisposition.md	"IDOR surfaces (23)"	"processJob job-id, no org predicate"
hhra-org	src/lib/services/certifier-upload-processor.ts	71	missing-org-filter	does this query carry a predicate on a tenant column	no-predicate (IDOR: upload-id)	spec69-r5-hhra-redisposition.md	"IDOR surfaces (23)"	"processJob upload-id, no org predicate"
hhra-org	queue-worker/src/queue-worker.ts	58	missing-org-filter	does this query carry a predicate on a tenant column	no-predicate (IDOR: claim FOR UPDATE SKIP LOCKED)	spec69-r5-hhra-redisposition.md	"IDOR surfaces (23)"	"claimNextJob FOR UPDATE SKIP LOCKED, no org predicate (also spec62 B3 upload_jobs)"
hhra-org	queue-worker/src/queue-worker.ts	162	missing-org-filter	does this query carry a predicate on a tenant column	no-predicate (IDOR: job-id)	spec69-r5-hhra-redisposition.md	"IDOR surfaces (23)"	"updateJobProgress job-id, no org predicate (also spec62 B3 upload_jobs)"
hhra-org	queue-worker/src/queue-worker.ts	171	missing-org-filter	does this query carry a predicate on a tenant column	no-predicate (IDOR: job-id)	spec69-r5-hhra-redisposition.md	"IDOR surfaces (23)"	"completeJob job-id, no org predicate (also spec62 B3 upload_jobs)"
hhra-org	queue-worker/src/queue-worker.ts	205	missing-org-filter	does this query carry a predicate on a tenant column	no-predicate (IDOR: job-id)	spec69-r5-hhra-redisposition.md	"IDOR surfaces (23)"	"handleJobError job-id, no org predicate (also spec62 B3 upload_jobs)"
hhra-org	queue-worker/src/queue-worker.ts	228	missing-org-filter	does this query carry a predicate on a tenant column	no-predicate (IDOR: job-id)	spec69-r5-hhra-redisposition.md	"IDOR surfaces (23)"	"handleJobError job-id, no org predicate (also spec62 B3 upload_jobs)"
hhra-org	queue-worker/src/processing-service.ts	37	missing-org-filter	does this query carry a predicate on a tenant column	no-predicate (IDOR: upload-id)	spec69-r5-hhra-redisposition.md	"IDOR surfaces (23)"	"processUpload upload-id, SELECT * FROM raw_certifier_data WHERE id=$1 (also spec62 B3)"
hhra-org	queue-worker/src/processing-service.ts	48	missing-org-filter	does this query carry a predicate on a tenant column	no-predicate (IDOR: upload-id)	spec69-r5-hhra-redisposition.md	"IDOR surfaces (23)"	"processUpload upload-id, UPDATE raw_certifier_data ... WHERE id=$2 (also spec62 B3)"
hhra-org	queue-worker/src/processing-service.ts	100	missing-org-filter	does this query carry a predicate on a tenant column	no-predicate (IDOR: upload-id)	spec69-r5-hhra-redisposition.md	"IDOR surfaces (23)"	"processUpload upload-id, no org predicate"
hhra-org	queue-worker/src/processing-service.ts	118	missing-org-filter	does this query carry a predicate on a tenant column	no-predicate (IDOR: upload-id)	spec69-r5-hhra-redisposition.md	"IDOR surfaces (23)"	"processUpload upload-id, no org predicate"
hhra-org	app/api/admin/jobs/export/route.ts	21	missing-org-filter	does this query carry a predicate on a tenant column	no-predicate (unfiltered: export)	spec69-r5-hhra-redisposition.md	"Unfiltered queries (40)"	"GET export (list, no id key), no org predicate"
hhra-org	app/api/admin/organizations/export/route.ts	21	missing-org-filter	does this query carry a predicate on a tenant column	no-predicate (unfiltered: export)	spec69-r5-hhra-redisposition.md	"Unfiltered queries (40)"	"GET export, no org predicate"
hhra-org	app/api/admin/sample-ownership/route.ts	49	missing-org-filter	does this query carry a predicate on a tenant column	no-predicate (unfiltered: count)	spec69-r5-hhra-redisposition.md	"Unfiltered queries (40)"	"GET count aggregate, no org predicate"
hhra-org	app/api/admin/users/[userId]/organizations/route.ts	41	missing-org-filter	does this query carry a predicate on a tenant column	no-predicate (unfiltered: membership list)	spec69-r5-hhra-redisposition.md	"Unfiltered queries (40)"	"GET membership list, no org predicate"
hhra-org	app/api/admin/users/bulk/route.ts	81	missing-org-filter	does this query carry a predicate on a tenant column	no-predicate (unfiltered: bulk upsert)	spec69-r5-hhra-redisposition.md	"Unfiltered queries (40)"	"POST bulk upsert lookup, no org predicate"
hhra-org	app/api/admin/users/export/route.ts	21	missing-org-filter	does this query carry a predicate on a tenant column	no-predicate (unfiltered: export)	spec69-r5-hhra-redisposition.md	"Unfiltered queries (40)"	"GET export, no org predicate"
hhra-org	app/api/dashboard/activity/repositories.ts	62	missing-org-filter	does this query carry a predicate on a tenant column	no-predicate (unfiltered: list)	spec69-r5-hhra-redisposition.md	"Unfiltered queries (40)"	"getRecentUploads list, no org predicate"
hhra-org	app/api/dashboard/activity/repositories.ts	81	missing-org-filter	does this query carry a predicate on a tenant column	no-predicate (unfiltered: list)	spec69-r5-hhra-redisposition.md	"Unfiltered queries (40)"	"getRecentAccessLogs list, no org predicate"
hhra-org	app/api/dashboard/stats/repositories.ts	28	missing-org-filter	does this query carry a predicate on a tenant column	no-predicate (unfiltered: count)	spec69-r5-hhra-redisposition.md	"Unfiltered queries (40)"	"getTotalUploadsCount count, no org predicate"
hhra-org	app/api/dashboard/stats/repositories.ts	37	missing-org-filter	does this query carry a predicate on a tenant column	no-predicate (unfiltered: count)	spec69-r5-hhra-redisposition.md	"Unfiltered queries (40)"	"getUploadStatusCounts count, no org predicate"
hhra-org	app/api/dashboard/stats/repositories.ts	50	missing-org-filter	does this query carry a predicate on a tenant column	no-predicate (unfiltered: count)	spec69-r5-hhra-redisposition.md	"Unfiltered queries (40)"	"getProcessedDataCount count, no org predicate"
hhra-org	app/api/dashboard/stats/repositories.ts	59	missing-org-filter	does this query carry a predicate on a tenant column	no-predicate (unfiltered: list)	spec69-r5-hhra-redisposition.md	"Unfiltered queries (40)"	"getRecentUploads list, no org predicate"
hhra-org	app/api/dashboard/stats/repositories.ts	76	missing-org-filter	does this query carry a predicate on a tenant column	no-predicate (unfiltered: count)	spec69-r5-hhra-redisposition.md	"Unfiltered queries (40)"	"getRecentProcessedCount count, no org predicate"
hhra-org	app/api/health/database/route.ts	46	missing-org-filter	does this query carry a predicate on a tenant column	no-predicate (unfiltered: health count)	spec69-r5-hhra-redisposition.md	"Unfiltered queries (40)"	"GET health count, no org predicate"
hhra-org	app/api/health/database/route.ts	47	missing-org-filter	does this query carry a predicate on a tenant column	no-predicate (unfiltered: health count)	spec69-r5-hhra-redisposition.md	"Unfiltered queries (40)"	"GET health count, no org predicate"
hhra-org	app/private/admin/data/page.tsx	74	missing-org-filter	does this query carry a predicate on a tenant column	no-predicate (unfiltered: status aggregate)	spec69-r5-hhra-redisposition.md	"Unfiltered queries (40)"	"getImportHistory status aggregate, no org predicate"
hhra-org	app/private/admin/organizations/page.tsx	22	missing-org-filter	does this query carry a predicate on a tenant column	no-predicate (unfiltered: list)	spec69-r5-hhra-redisposition.md	"Unfiltered queries (40)"	"getOrganizations list, no org predicate"
hhra-org	app/private/admin/page.tsx	37	missing-org-filter	does this query carry a predicate on a tenant column	no-predicate (unfiltered: count)	spec69-r5-hhra-redisposition.md	"Unfiltered queries (40)"	"getAdminStats count, no org predicate"
hhra-org	app/private/admin/queue/page.tsx	22	missing-org-filter	does this query carry a predicate on a tenant column	no-predicate (unfiltered: list/join)	spec69-r5-hhra-redisposition.md	"Unfiltered queries (40)"	"getJobsData list/join, no org predicate"
hhra-org	app/private/admin/queue/page.tsx	73	missing-org-filter	does this query carry a predicate on a tenant column	no-predicate (unfiltered: list filter)	spec69-r5-hhra-redisposition.md	"Unfiltered queries (40)"	"getJobsData list filter, no org predicate"
hhra-org	app/private/admin/queue/page.tsx	77	missing-org-filter	does this query carry a predicate on a tenant column	no-predicate (unfiltered: group-by list)	spec69-r5-hhra-redisposition.md	"Unfiltered queries (40)"	"getJobsData group-by list, no org predicate"
hhra-org	app/private/admin/queue/page.tsx	84	missing-org-filter	does this query carry a predicate on a tenant column	no-predicate (unfiltered: list filter)	spec69-r5-hhra-redisposition.md	"Unfiltered queries (40)"	"getJobsData list filter, no org predicate"
hhra-org	app/private/admin/sample-ownership/page.tsx	15	missing-org-filter	does this query carry a predicate on a tenant column	no-predicate (unfiltered: list/join)	spec69-r5-hhra-redisposition.md	"Unfiltered queries (40)"	"getSampleOwnershipStats list/join, no org predicate"
hhra-org	app/private/admin/sample-ownership/page.tsx	34	missing-org-filter	does this query carry a predicate on a tenant column	no-predicate (unfiltered: list/join)	spec69-r5-hhra-redisposition.md	"Unfiltered queries (40)"	"getSampleOwnershipStats list/join, no org predicate"
hhra-org	app/private/admin/sample-ownership/page.tsx	46	missing-org-filter	does this query carry a predicate on a tenant column	no-predicate (unfiltered: list)	spec69-r5-hhra-redisposition.md	"Unfiltered queries (40)"	"getSampleOwnershipStats list, no org predicate"
hhra-org	app/private/admin/sample-ownership/page.tsx	58	missing-org-filter	does this query carry a predicate on a tenant column	no-predicate (unfiltered: list)	spec69-r5-hhra-redisposition.md	"Unfiltered queries (40)"	"getSampleOwnershipStats list, no org predicate"
hhra-org	app/private/admin/system/page.tsx	18	missing-org-filter	does this query carry a predicate on a tenant column	no-predicate (unfiltered: count)	spec69-r5-hhra-redisposition.md	"Unfiltered queries (40)"	"getSystemMetrics count, no org predicate"
hhra-org	app/private/admin/system/page.tsx	25	missing-org-filter	does this query carry a predicate on a tenant column	no-predicate (unfiltered: count)	spec69-r5-hhra-redisposition.md	"Unfiltered queries (40)"	"getSystemMetrics count, no org predicate"
hhra-org	app/private/admin/users/[userId]/page.tsx	29	missing-org-filter	does this query carry a predicate on a tenant column	no-predicate (unfiltered: membership detail)	spec69-r5-hhra-redisposition.md	"Unfiltered queries (40)"	"getUserDetails membership detail, no org predicate"
hhra-org	app/private/admin/users/page.tsx	22	missing-org-filter	does this query carry a predicate on a tenant column	no-predicate (unfiltered: list)	spec69-r5-hhra-redisposition.md	"Unfiltered queries (40)"	"getUsers list, no org predicate"
hhra-org	components/certifier/UploadHistory.tsx	15	missing-org-filter	does this query carry a predicate on a tenant column	no-predicate (unfiltered: history list)	spec69-r5-hhra-redisposition.md	"Unfiltered queries (40)"	"UploadHistory history list, no org predicate"
hhra-org	database/services/repositories/JobRepository.ts	30	missing-org-filter	does this query carry a predicate on a tenant column	no-predicate (unfiltered: status-keyed scan)	spec69-r5-hhra-redisposition.md	"Unfiltered queries (40)"	"findPendingJobs status-keyed scan (re-labeled from IDOR), no org predicate"
hhra-org	lib/middleware/organizationFilter.ts	19	missing-org-filter	does this query carry a predicate on a tenant column	no-predicate (unfiltered: membership list)	spec69-r5-hhra-redisposition.md	"Unfiltered queries (40)"	"getUserOrganizations membership list, no org predicate"
hhra-org	lib/utils/organizationFilters.ts	32	missing-org-filter	does this query carry a predicate on a tenant column	no-predicate (unfiltered: membership list)	spec69-r5-hhra-redisposition.md	"Unfiltered queries (40)"	"getUserOrganizations membership list, no org predicate"
hhra-org	scripts/enable-org-filtering.ts	41	missing-org-filter	does this query carry a predicate on a tenant column	no-predicate (unfiltered: migration)	spec69-r5-hhra-redisposition.md	"Unfiltered queries (40)"	"enableOrganizationFiltering one-shot migration, no org predicate"
hhra-org	scripts/enable-org-filtering.ts	108	missing-org-filter	does this query carry a predicate on a tenant column	no-predicate (unfiltered: migration)	spec69-r5-hhra-redisposition.md	"Unfiltered queries (40)"	"enableOrganizationFiltering one-shot migration, no org predicate"
hhra-org	src/lib/queries/organizations.ts	183	missing-org-filter	does this query carry a predicate on a tenant column	no-predicate (unfiltered: membership list)	spec69-r5-hhra-redisposition.md	"Unfiltered queries (40)"	"getUserAccessibleOrganizations membership list, no org predicate"
hhra-org	src/lib/queries/organizations.ts	382	missing-org-filter	does this query carry a predicate on a tenant column	no-predicate (unfiltered: count)	spec69-r5-hhra-redisposition.md	"Unfiltered queries (40)"	"getOrganizationStats count, no org predicate"
hhra-org	src/lib/queries/user-organizations.ts	20	missing-org-filter	does this query carry a predicate on a tenant column	no-predicate (unfiltered: membership join)	spec69-r5-hhra-redisposition.md	"Unfiltered queries (40)"	"getUserOrganizationsWithDetails membership join, no org predicate"
hhra-org	tests/unit/organization-isolation.test.ts	135	missing-org-filter	does this query carry a predicate on a tenant column	no-predicate (unfiltered: test fixture)	spec69-r5-hhra-redisposition.md	"Unfiltered queries (40)"	"fn test fixture, no org predicate"
go-data-access	src/parameterized.go	9	missing-org-filter	does this query carry a predicate on a tenant column	no-predicate (pk-scoped, not tenant)	spec62-bench-reconciliation.md	"A6 — Go data-access rules"	"db.Query(\"SELECT id,name,email FROM users WHERE id=$1\", userID): scoped by pk id, no organization_id/tenant_id/org_id predicate"
go-data-access	src/parameterized.go	14	unfiltered-query	does this query carry a predicate on a tenant column	no-predicate (mass INSERT, no WHERE)	spec62-bench-reconciliation.md	"A6 — Go data-access rules"	"db.Exec(\"INSERT INTO users (name,email) VALUES ($1,$2)\"): isWriteVerb with no WHERE"
code-auditor	tests/samples/go-basic/example.go	—	missing-org-filter	does this query carry a predicate on a tenant column	no-predicate (Go sample fixture)	spec62-bench-reconciliation.md	"A6 — Go data-access rules (real-code run)"	"sample fixture fires missing-org-filter critical + unfiltered-query high (2 findings)"
code-auditor	tests/samples/go-basic/example.go	—	unfiltered-query	does this query carry a predicate on a tenant column	no-predicate (Go sample fixture)	spec62-bench-reconciliation.md	"A6 — Go data-access rules (real-code run)"	"sample fixture fires missing-org-filter critical + unfiltered-query high (2 findings)"
go-data-access	src/dynamic-sql.go	12	sql-injection-risk	does this string contain a SQL statement	contains-sql (dynamic, fmt.Sprintf)	spec62-bench-reconciliation.md	"A6 — Go data-access rules"	"db.Query(fmt.Sprintf(\"SELECT * FROM %s\", tableName)) — unescaped-injection vector, fires critical"
go-data-access	src/parameterized.go	9	sql-injection-risk	does this string contain a SQL statement	contains-sql (parameterized, $1 — NOT injection)	spec62-bench-reconciliation.md	"A6 — Go data-access rules"	"db.Query(\"...WHERE id = $1\", userID): not dynamic ($1 placeholder), so sql-injection-risk does NOT fire; fires missing-org-filter instead"
recall-protocol	scripts/run-knowledge-downstream.ts	—	too-many-queries	does this string contain a SQL statement	contains-sql (but string var, not handle)	spec69-r5-criterion10-receiver-resolution-measurement.md	"The 8 receivers in neither bucket"	"const sql = `INSERT INTO …` template string passed to wrangler CLI --command; not a DB handle"
recall-protocol	scripts/run-knowledge-keystone.ts	—	too-many-queries	does this string contain a SQL statement	contains-sql (but string var, not handle)	spec69-r5-criterion10-receiver-resolution-measurement.md	"The 8 receivers in neither bucket"	"const sql = `INSERT INTO …` template string, not a DB handle"
recall-protocol	scripts/sync-meta.ts	—	too-many-queries	does this string contain a SQL statement	contains-sql (but string var, not handle)	spec69-r5-criterion10-receiver-resolution-measurement.md	"The 8 receivers in neither bucket"	"const sql = `INSERT INTO …` template string, not a DB handle"
recall-protocol	src/ops/run-knowledge-downstream.ts	—	too-many-queries	does this string contain a SQL statement	contains-sql (but string var, not handle)	spec69-r5-criterion10-receiver-resolution-measurement.md	"The 8 receivers in neither bucket"	"const sql = `INSERT INTO …` template string, not a DB handle"
recall-protocol	src/ops/run-knowledge-keystone.ts	—	too-many-queries	does this string contain a SQL statement	contains-sql (but string var, not handle)	spec69-r5-criterion10-receiver-resolution-measurement.md	"The 8 receivers in neither bucket"	"const sql = `INSERT INTO …` template string, not a DB handle"
recall-protocol	scripts/generate-article.ts	891	sql-injection-risk	does this string contain a SQL statement	contains-sql (interpolated, sent to D1 REST)	spec69-f2-rerun.md	"The residual 25, by file+line"	"d1Query(insertSql) — interpolated SQL sent to the D1 REST endpoint (real)"
code-auditor	src/analyzers/universal/UniversalConventionsAnalyzer.ts	572	sql-injection-risk	does this string contain a SQL statement	no-sql-injection (parameterized fragment FP)	spec70-worklist.md	"§10 sql-injection-risk 9 false positives"	"clause = chunks.map(... IN (${? placeholders})).join(' OR '); params = files (bound), not interpolated"
code-auditor	src/analyzers/universal/CrossDomainAnalyzer.ts	86	sql-injection-risk	does this string contain a SQL statement	no-sql-injection (parameterized fragment FP)	spec70-worklist.md	"§10 sql-injection-risk 9 false positives"	"resolveFileScope: scoped → AND (column IN (?,…)); unscoped → AND ${column} LIKE ? with bound params"
recall-protocol	scripts/run-knowledge-downstream.ts	—	too-many-queries	is the receiver of this call a database handle	not-a-handle (sql string var)	spec69-r5-criterion10-receiver-resolution-measurement.md	"The 8 receivers in neither bucket"	"sql is a query string passed to wrangler CLI --command, not a handle"
recall-protocol	scripts/run-knowledge-keystone.ts	—	too-many-queries	is the receiver of this call a database handle	not-a-handle (sql string var)	spec69-r5-criterion10-receiver-resolution-measurement.md	"The 8 receivers in neither bucket"	"sql is a query string, not a handle"
recall-protocol	scripts/sync-meta.ts	—	too-many-queries	is the receiver of this call a database handle	not-a-handle (sql string var)	spec69-r5-criterion10-receiver-resolution-measurement.md	"The 8 receivers in neither bucket"	"sql is a query string, not a handle"
recall-protocol	src/ops/run-knowledge-downstream.ts	—	too-many-queries	is the receiver of this call a database handle	not-a-handle (sql string var)	spec69-r5-criterion10-receiver-resolution-measurement.md	"The 8 receivers in neither bucket"	"sql is a query string, not a handle"
recall-protocol	src/ops/run-knowledge-keystone.ts	—	too-many-queries	is the receiver of this call a database handle	not-a-handle (sql string var)	spec69-r5-criterion10-receiver-resolution-measurement.md	"The 8 receivers in neither bucket"	"sql is a query string, not a handle"
knex	lib/dialects/oracle/query/oracle-querycompiler.js	—	unknown-table	is the receiver of this call a database handle	not-a-handle (sql = {} accumulator)	spec69-r5-criterion10-receiver-resolution-measurement.md	"The 8 receivers in neither bucket"	"const sql = {} — plain object accumulator, not a client"
knex	lib/dialects/oracledb/query/oracledb-querycompiler.js	—	unknown-table	is the receiver of this call a database handle	not-a-handle (sql = {} accumulator)	spec69-r5-criterion10-receiver-resolution-measurement.md	"The 8 receivers in neither bucket"	"const sql = {} — plain object accumulator, not a client"
knex	lib/dialects/sqlite3/schema/ddl.js	—	unknown-table	is the receiver of this call a database handle	not-a-handle (sql = [] accumulator)	spec69-r5-criterion10-receiver-resolution-measurement.md	"The 8 receivers in neither bucket"	"const sql = [] — plain array accumulator, not a client"
recall-protocol	scripts/run-knowledge-keystone.ts	558	written-never-read	is the receiver of this call a database handle	not-a-handle (sql string literal FP)	spec69-f2-finding-level-diff.md	"The silent surface, by file+line"	"6 clean FP: sql receivers whose declaration is a string literal, not a DB handle"
recall-protocol	scripts/run-knowledge-downstream.ts	348	written-never-read	is the receiver of this call a database handle	not-a-handle (sql string literal FP)	spec69-f2-finding-level-diff.md	"The silent surface, by file+line"	"clean FP: sql string literal"
recall-protocol	scripts/run-knowledge-downstream.ts	627	written-never-read	is the receiver of this call a database handle	not-a-handle (sql string literal FP)	spec69-f2-finding-level-diff.md	"The silent surface, by file+line"	"clean FP: sql string literal"
recall-protocol	scripts/run-knowledge-downstream.ts	628	written-never-read	is the receiver of this call a database handle	not-a-handle (sql string literal FP)	spec69-f2-finding-level-diff.md	"The silent surface, by file+line"	"clean FP: sql string literal"
recall-protocol	scripts/run-knowledge-downstream.ts	298	too-many-queries	is the receiver of this call a database handle	not-a-handle (sql string literal FP)	spec69-f2-finding-level-diff.md	"The silent surface, by file+line"	"clean FP: sql string literal"
recall-protocol	scripts/run-knowledge-downstream.ts	582	too-many-queries	is the receiver of this call a database handle	not-a-handle (sql string literal FP)	spec69-f2-finding-level-diff.md	"The silent surface, by file+line"	"clean FP: sql string literal"
recall-protocol	scripts/seed-d1.ts	—	too-many-queries	is the receiver of this call a database handle	not-a-handle (wrangler d1 string)	spec69-f2-rerun.md	"The residual 25, by file+line (15 clean)"	"shells out to wrangler d1 execute / D1 REST API, builds SQL as strings; zero JS DB queries"
recall-protocol	scripts/verify-d1-published-asset-urls.ts	—	too-many-queries	is the receiver of this call a database handle	not-a-handle (wrangler d1 string)	spec69-f2-rerun.md	"The residual 25, by file+line (15 clean)"	"wrangler d1 execute, SQL as strings"
recall-protocol	scripts/test-sandbox-merge.ts	—	too-many-queries	is the receiver of this call a database handle	not-a-handle (wrangler d1 string)	spec69-f2-rerun.md	"The residual 25, by file+line (15 clean)"	"wrangler d1 execute, SQL as strings"
recall-protocol	scripts/test-sandbox-cancellation.ts	—	too-many-queries	is the receiver of this call a database handle	not-a-handle (wrangler d1 string)	spec69-f2-rerun.md	"The residual 25, by file+line (15 clean)"	"wrangler d1 execute, SQL as strings"
recall-protocol	scripts/backfill-build-loadout-join.ts	—	too-many-queries	is the receiver of this call a database handle	not-a-handle (wrangler d1 string)	spec69-f2-rerun.md	"The residual 25, by file+line (15 clean)"	"wrangler d1 execute, SQL as strings"
recall-protocol	scripts/sync-build-loadout-to-remote.ts	—	too-many-queries	is the receiver of this call a database handle	not-a-handle (wrangler d1 string)	spec69-f2-rerun.md	"The residual 25, by file+line (15 clean)"	"wrangler d1 execute, SQL as strings"
recall-protocol	scripts/run-strategist-build-parity-sample.ts	—	too-many-queries	is the receiver of this call a database handle	not-a-handle (wrangler d1 string)	spec69-f2-rerun.md	"The residual 25, by file+line (15 clean)"	"wrangler d1 execute, SQL as strings"
recall-protocol	scripts/fts-repair.ts	—	too-many-queries	is the receiver of this call a database handle	not-a-handle (wrangler d1 string)	spec69-f2-rerun.md	"The residual 25, by file+line (15 clean)"	"wrangler d1 execute, SQL as strings"
recall-protocol	scripts/audit-wrong-subject-citations.ts	—	too-many-queries	is the receiver of this call a database handle	not-a-handle (wrangler d1 string)	spec69-f2-rerun.md	"The residual 25, by file+line (15 clean)"	"wrangler d1 execute, SQL as strings"
recall-protocol	src/lib/build-articles.ts	161	too-many-queries	is the receiver of this call a database handle	handle (unproven: type-alias param)	spec69-f2-rerun.md	"The residual 25, by file+line"	"loadStoredBuildArticle: type DbLike = D1Database — real D1 handle behind a type alias the resolver does not unfold"
recall-protocol	src/lib/build-articles.ts	527	too-many-queries	is the receiver of this call a database handle	handle (unproven: type-alias param)	spec69-f2-rerun.md	"The residual 25, by file+line"	"upsertStoredBuildArticle: type DbLike = D1Database — type-alias-typed param gap"
recall-protocol	src/agents/hero-data-sync.ts	124	multi-table-write	is the receiver of this call a database handle	handle (unproven: ambient SqlStorage)	spec69-f2-rerun.md	"The residual 25, by file+line"	"sql: SqlStorage — ambient handle type arrives via @cloudflare/workers-types, no in-repo declaration"
recall-protocol	scripts/populate-hero-archetypes.ts	114	read-never-written	is the receiver of this call a database handle	handle (unproven: bare REST helper)	spec69-f2-rerun.md	"The residual 25, by file+line"	"bare query()/d1Query() helper wrapping the D1 REST API; no JS handle to prove; table genuinely read-never-written"
recall-protocol	scripts/backfill-patch-eras.ts	114	read-never-written	is the receiver of this call a database handle	handle (unproven: bare REST helper)	spec69-f2-rerun.md	"The residual 25, by file+line"	"bare query()/d1Query() helper wrapping the D1 REST API"
recall-protocol	scripts/generate-article.ts	891	read-never-written	is the receiver of this call a database handle	handle (unproven: bare REST helper)	spec69-f2-rerun.md	"The residual 25, by file+line"	"d1Query(insertSql) REST helper"
recall-protocol	src/lib/strategy/assemble-context.ts	86	read-never-written	is the receiver of this call a database handle	handle (unproven: bare REST helper)	spec69-f2-rerun.md	"The residual 25, by file+line"	"bare query() helper wrapping D1 REST API"
recall-protocol	scripts/backfill-strategist-attribution.ts	227	written-never-read	is the receiver of this call a database handle	handle (unproven: REST helper)	spec69-f2-rerun.md	"The residual 25, by file+line"	"d1Query/d1Exec REST helpers"
recall-protocol	src/agents/user-strategist.ts	437	written-never-read	is the receiver of this call a database handle	handle (unproven: this.env.DB)	spec69-f2-rerun.md	"The residual 25, by file+line"	"this.env.DB runtime binding"
recall-protocol	src/agents/hero-data-schema.ts	40	written-never-read	is the receiver of this call a database handle	handle (unproven: ambient SqlStorage)	spec69-f2-rerun.md	"The residual 25, by file+line"	"sql: SqlStorage ambient handle type"
recall-protocol	src/pages/api/account/claim-heroes.ts	134	multi-table-write	is the receiver of this call a database handle	handle (unproven: cannot-fire)	spec69-f2-finding-level-diff.md	"The silent surface, by file+line"	"multi-table-write (2, high): hero-data-sync.ts:124 (ambient SqlStorage) + claim-heroes.ts:134"
recall-protocol	src/pages/api/stadium/strategist/chip-click.ts	39	written-never-read	is the receiver of this call a database handle	handle (unproven: cannot-fire)	spec69-f2-finding-level-diff.md	"The silent surface, by file+line"	"written-never-read (6, high) cannot-fire receiver"
recall-protocol	src/pages/api/telemetry/ingest.ts	81	written-never-read	is the receiver of this call a database handle	handle (unproven: cannot-fire)	spec69-f2-finding-level-diff.md	"The silent surface, by file+line"	"written-never-read (6, high) cannot-fire receiver"
recall-protocol	scripts/test-stage0-idempotency.ts	110	written-never-read	is the receiver of this call a database handle	handle (unproven: cannot-fire)	spec69-f2-finding-level-diff.md	"The silent surface, by file+line"	"written-never-read (6, high) cannot-fire receiver"
hhra-org	queue-worker/src/queue-worker.ts	58	missing-org-filter	is the receiver of this call a database handle	handle (unproven: new Database() construction gap)	spec69-r5-hhra-redisposition.md	"F1 — post-§10 re-measure"	"this.db = new Database() — construction not traced to ./db wrapper-class provenance; 5 IDOR sites drop silently post-§10"
hhra-org	queue-worker/src/queue-worker.ts	162	missing-org-filter	is the receiver of this call a database handle	handle (unproven: new Database() construction gap)	spec69-r5-hhra-redisposition.md	"F1 — post-§10 re-measure"	"this.db construction gap"
hhra-org	queue-worker/src/queue-worker.ts	171	missing-org-filter	is the receiver of this call a database handle	handle (unproven: new Database() construction gap)	spec69-r5-hhra-redisposition.md	"F1 — post-§10 re-measure"	"this.db construction gap"
hhra-org	queue-worker/src/queue-worker.ts	205	missing-org-filter	is the receiver of this call a database handle	handle (unproven: new Database() construction gap)	spec69-r5-hhra-redisposition.md	"F1 — post-§10 re-measure"	"this.db construction gap"
hhra-org	queue-worker/src/queue-worker.ts	228	missing-org-filter	is the receiver of this call a database handle	handle (unproven: new Database() construction gap)	spec69-r5-hhra-redisposition.md	"F1 — post-§10 re-measure"	"this.db construction gap"
knex	test/cli/migrate-unlock.spec.js	26	unknown-table	is the receiver of this call a database handle	unproven (query-compiler internal)	spec69-f2-rerun.md	"The residual 25, by file+line (knex 14)"	"knex's own query-compiler db/sql/stmt references, no static declaration to resolve"
knex	test/cli/migrate-unlock.spec.js	43	unknown-table	is the receiver of this call a database handle	unproven (query-compiler internal)	spec69-f2-rerun.md	"The residual 25, by file+line (knex 14)"	"query-compiler internal"
knex	test/cli/migrate-unlock.spec.js	55	unknown-table	is the receiver of this call a database handle	unproven (query-compiler internal)	spec69-f2-rerun.md	"The residual 25, by file+line (knex 14)"	"query-compiler internal"
knex	test/jake/jakelib/migrate-test.js	237	unknown-table	is the receiver of this call a database handle	unproven (query-compiler internal)	spec69-f2-rerun.md	"The residual 25, by file+line (knex 14)"	"query-compiler internal"
knex	test/tape/raw.js	72	unknown-table	is the receiver of this call a database handle	unproven (query-compiler internal)	spec69-f2-rerun.md	"The residual 25, by file+line (knex 14)"	"query-compiler internal"
knex	test/unit/query/builder.js	10255	unknown-table	is the receiver of this call a database handle	unproven (query-compiler internal)	spec69-f2-rerun.md	"The residual 25, by file+line (knex 14)"	"query-compiler internal"
knex	test/tape/raw.js	36	read-never-written	is the receiver of this call a database handle	unproven (query-compiler internal)	spec69-f2-rerun.md	"The residual 25, by file+line (knex 14)"	"query-compiler internal"
knex	test/tape/raw.js	72	read-never-written	is the receiver of this call a database handle	unproven (query-compiler internal)	spec69-f2-rerun.md	"The residual 25, by file+line (knex 14)"	"query-compiler internal"
knex	test/integration2/migrate/migration-integration.spec.js	249	read-never-written	is the receiver of this call a database handle	unproven (query-compiler internal)	spec69-f2-rerun.md	"The residual 25, by file+line (knex 14)"	"query-compiler internal"
knex	test/unit/query/builder.js	10255	read-never-written	is the receiver of this call a database handle	unproven (query-compiler internal)	spec69-f2-rerun.md	"The residual 25, by file+line (knex 14)"	"query-compiler internal"
knex	test/cli/cli-test-utils.js	80	sql-injection-risk	is the receiver of this call a database handle	unproven (query-compiler internal)	spec69-f2-rerun.md	"The residual 25, by file+line (knex 14)"	"query-compiler internal"
knex	test/unit/query/builder.js	10255	table-naming-convention	is the receiver of this call a database handle	unproven (query-compiler internal)	spec69-f2-rerun.md	"The residual 25, by file+line (knex 14)"	"query-compiler internal"
knex	lib/dialects/oracledb/query/oracledb-querycompiler.js	16	too-many-queries	is the receiver of this call a database handle	unproven (query-compiler internal)	spec69-f2-rerun.md	"The residual 25, by file+line (knex 14)"	"query-compiler internal"
knex	lib/schema/tablecompiler.js	96	too-many-queries	is the receiver of this call a database handle	unproven (query-compiler internal)	spec69-f2-rerun.md	"The residual 25, by file+line (knex 14)"	"query-compiler internal"
blitz	integration-tests/auth/pages/api/signin.ts	7	unknown-table	is the receiver of this call a database handle	handle (unproven: new EnhancedPrisma() chain)	spec69-f2-finding-level-diff.md	"The silent surface, by file+line (blitz 8)"	"import db from \"db\" → enhancePrisma/new EnhancedPrisma() chain breaks; db.user goes cannot-fire"
blitz	integration-tests/auth/pages/api/signin.ts	16	reserved-word	is the receiver of this call a database handle	handle (unproven: new EnhancedPrisma() chain)	spec69-f2-finding-level-diff.md	"The silent surface, by file+line (blitz 8)"	"same lines, reserved-word 4"
blitz	integration-tests/next-13-app-dir/app/api/signin/route.ts	6	unknown-table	is the receiver of this call a database handle	handle (unproven: new EnhancedPrisma() chain)	spec69-f2-finding-level-diff.md	"The silent surface, by file+line (blitz 8)"	"import db from \"db\" chain break"
blitz	integration-tests/next-13-app-dir/app/api/signin/route.ts	9	reserved-word	is the receiver of this call a database handle	handle (unproven: new EnhancedPrisma() chain)	spec69-f2-finding-level-diff.md	"The silent surface, by file+line (blitz 8)"	"same lines, reserved-word"
code-auditor	src/services/codeIndexDB.ts	2078	unknown-table	does this table reference name a table in the schema	not-a-table (CTE name)	SPEC68-DISPOSITIONS.md	"Disposition 1 — unknown-table §breakdown"	"WITH RECURSIVE callers(id, caller_name, depth) CTE name flagged as a table ref"
code-auditor	src/graph/blastRadius.ts	—	unknown-table	does this table reference name a table in the schema	not-a-table (CTE name)	SPEC68-DISPOSITIONS.md	"Disposition 1 — unknown-table §breakdown"	"callers (5) CTE name in graph/blastRadius.ts"
code-auditor	src/services/codeIndexDB.ts	2055	unknown-table	does this table reference name a table in the schema	not-a-table (CTE name)	SPEC68-DISPOSITIONS.md	"Disposition 1 — unknown-table §breakdown"	"WITH RECURSIVE deps(id, callee_name, depth) CTE name"
code-auditor	src/services/codeIndexDB.ts	2101	unknown-table	does this table reference name a table in the schema	not-a-table (CTE name)	SPEC68-DISPOSITIONS.md	"Disposition 1 — unknown-table §breakdown"	"WITH RECURSIVE paths(start_name, path, current_name, depth) CTE name"
code-auditor	src/services/codeIndexDB.ts	3664	unknown-table	does this table reference name a table in the schema	not-a-table (subquery alias)	SPEC68-DISPOSITIONS.md	"Disposition 1 — unknown-table §breakdown"	"LEFT JOIN coverage c — subquery alias, not a table"
code-auditor	src/services/codeIndexDB.ts	3710	unknown-table	does this table reference name a table in the schema	not-a-table (subquery alias)	SPEC68-DISPOSITIONS.md	"Disposition 1 — unknown-table §breakdown"	"LEFT JOIN best_coverage bc — subquery alias, not a table"
code-auditor	src/services/codeIndexDB.ts	891	unknown-table	does this table reference name a table in the schema	not-a-table (rename target)	SPEC68-DISPOSITIONS.md	"Disposition 1 — unknown-table §breakdown"	"ALTER TABLE schema_usage RENAME TO schema_usage_old — drop-provenance does not register the rename target"
recall-protocol	src/pages/api/admin/generation/queue.ts	35	stale-table-reference	does this table reference name a table in the schema	real-table (dropped generation_queue)	spec69-f2-finding-level-diff.md	"The silent surface, by file+line"	"stale-table-reference (8, critical): dropped generation_queue table still referenced — real"
recall-protocol	src/pages/api/admin/generation/queue.ts	36	stale-table-reference	does this table reference name a table in the schema	real-table (dropped generation_queue)	spec69-f2-finding-level-diff.md	"The silent surface, by file+line"	"generation_queue still referenced"
recall-protocol	src/pages/api/admin/generation/queue.ts	37	stale-table-reference	does this table reference name a table in the schema	real-table (dropped generation_queue)	spec69-f2-finding-level-diff.md	"The silent surface, by file+line"	"generation_queue still referenced"
recall-protocol	src/pages/api/admin/generation/queue.ts	39	stale-table-reference	does this table reference name a table in the schema	real-table (dropped generation_queue)	spec69-f2-finding-level-diff.md	"The silent surface, by file+line"	"generation_queue still referenced"
recall-protocol	src/pages/api/admin/generation/queue.ts	42	stale-table-reference	does this table reference name a table in the schema	real-table (dropped generation_queue)	spec69-f2-finding-level-diff.md	"The silent surface, by file+line"	"generation_queue still referenced"
recall-protocol	src/pages/api/admin/generation/queue.ts	105	stale-table-reference	does this table reference name a table in the schema	real-table (dropped generation_queue)	spec69-f2-finding-level-diff.md	"The silent surface, by file+line"	"generation_queue still referenced"
recall-protocol	src/pages/api/admin/generation/queue.ts	113	stale-table-reference	does this table reference name a table in the schema	real-table (dropped generation_queue)	spec69-f2-finding-level-diff.md	"The silent surface, by file+line"	"generation_queue still referenced"
recall-protocol	src/pages/api/admin/generation/queue.ts	121	stale-table-reference	does this table reference name a table in the schema	real-table (dropped generation_queue)	spec69-f2-finding-level-diff.md	"The silent surface, by file+line"	"generation_queue still referenced"
recall-protocol	src/lib/build-article-generator.ts	560	loop-query	does this loop issue a query per iteration	not-per-iteration (in-memory Array.find)	spec70-worklist.md	"§1 Map/Array provenance over-match"	"adjudication.find((c) => c.uuid === entry.uuid) in for (const entry of repairLog) — in-memory Array.prototype.find"
recall-protocol	src/lib/build-review-store.ts	207	loop-query	does this loop issue a query per iteration	not-per-iteration (Map accessor)	spec70-worklist.md	"§1 Map/Array provenance over-match"	"counts.set(base, (counts.get(base) ?? 0) + 1) in for (const row of list) — Map accessors"
recall-protocol	src/lib/build-review-store.ts	227	loop-query	does this loop issue a query per iteration	not-per-iteration (Map accessor)	spec70-worklist.md	"§1 Map/Array provenance over-match"	"counts.set/counts.get inside heroBaseSlugCounts(db: D1Database, …) — Map accessors"
recall-protocol	src/ops/generate-duo-articles.ts	119	loop-query	does this loop issue a query per iteration	not-per-iteration (Map accessor)	spec70-worklist.md	"§1 Map/Array provenance over-match"	"counts.set(key, (counts.get(key) ?? 0) + Number(r.n)) in for (const r of results) — Map accessors"
knex	test/cli/migrate-disable-transactions.spec.js	47	loop-query	does this loop issue a query per iteration	not-per-iteration (transaction-scoped)	spec69-f2-finding-level-diff.md	"M1 — loop-query precision"	"transaction-scoped loops correctly quieted"
knex	test/cli/migrate-disable-transactions.spec.js	105	loop-query	does this loop issue a query per iteration	not-per-iteration (transaction-scoped)	spec69-f2-finding-level-diff.md	"M1 — loop-query precision"	"transaction-scoped loops correctly quieted"
blitz	apps/toolkit-app*/db/seeds.ts	13	loop-query	does this loop issue a query per iteration	not-per-iteration (transaction-scoped)	spec69-f2-finding-level-diff.md	"M1 — loop-query precision"	"transaction-scoped loops correctly quieted"
recall-protocol	scripts/groom-strategies.ts	196	loop-query	does this loop issue a query per iteration	per-iteration-query (re-anchored, still real)	spec69-f2-finding-level-diff.md	"M1 — loop-query precision"	"groom-strategies.ts:204 (loop 191) → :196 (loop 191): pure re-anchor of a real N+1"
